<sburb description="first room">

<dependencies>
	<dependency>firstRoomDialog.xml</dependency>
</dependencies>

<classes>
	<animation class='aradia-dialog' frameInterval='6' x='-245' y='-504'/>
	<character class='andrew' sx='-50' sy='-110' sWidth='100' sHeight='130' width='40' height='20' 
	       sheet='andrewSheet' state='walkLeft' facing='Left'>
		<animation name='sit' sheet='andrewSitSheet' x='-30' y='-65'/>
	</character>
</classes>

<assets>
  <asset name='meenahSheet' type='graphic'>chars/meenah.png</asset>
	<asset name='meenahSkate' type='graphic'>chars/meenah_skate.png</asset>
	<asset name='aradiaSheet' type='graphic'>chars/aradia.png</asset>
  
  <asset name='firstRoomMap' type='graphic'>backgrounds/firstRoomMap.png</asset>
  <!--<asset name='firstRoomBG' type='graphic'>backgrounds/firstRoomBG.png</asset>-->
  <!--<asset name='firstRoomFG' type='graphic'>backgrounds/firstRoomFG.png</asset>-->
  
  <asset name='bg1_11' type='graphic'>backgrounds/firstRoomBG/MAP1_11.png</asset>
<asset name='bg1_12' type='graphic'>backgrounds/firstRoomBG/MAP1_12.png</asset>
<asset name='bg1_13' type='graphic'>backgrounds/firstRoomBG/MAP1_13.png</asset>
<asset name='bg1_14' type='graphic'>backgrounds/firstRoomBG/MAP1_14.png</asset>
<asset name='bg1_15' type='graphic'>backgrounds/firstRoomBG/MAP1_15.png</asset>
<asset name='bg1_21' type='graphic'>backgrounds/firstRoomBG/MAP1_21.png</asset>
<asset name='bg1_22' type='graphic'>backgrounds/firstRoomBG/MAP1_22.png</asset>
<asset name='bg1_23' type='graphic'>backgrounds/firstRoomBG/MAP1_23.png</asset>
<asset name='bg1_24' type='graphic'>backgrounds/firstRoomBG/MAP1_24.png</asset>
<asset name='bg1_25' type='graphic'>backgrounds/firstRoomBG/MAP1_25.png</asset>
<asset name='bg1_31' type='graphic'>backgrounds/firstRoomBG/MAP1_31.png</asset>
<asset name='bg1_32' type='graphic'>backgrounds/firstRoomBG/MAP1_32.png</asset>
<asset name='bg1_33' type='graphic'>backgrounds/firstRoomBG/MAP1_33.png</asset>
<asset name='bg1_34' type='graphic'>backgrounds/firstRoomBG/MAP1_34.png</asset>
<asset name='bg1_35' type='graphic'>backgrounds/firstRoomBG/MAP1_35.png</asset>
<asset name='bg1_41' type='graphic'>backgrounds/firstRoomBG/MAP1_41.png</asset>
<asset name='bg1_42' type='graphic'>backgrounds/firstRoomBG/MAP1_42.png</asset>
<asset name='bg1_43' type='graphic'>backgrounds/firstRoomBG/MAP1_43.png</asset>
<asset name='bg1_44' type='graphic'>backgrounds/firstRoomBG/MAP1_44.png</asset>
<asset name='bg1_45' type='graphic'>backgrounds/firstRoomBG/MAP1_45.png</asset>

<asset name='fg1_11' type='graphic'>backgrounds/firstRoomFG/MAP1o_11.png</asset>
<asset name='fg1_12' type='graphic'>backgrounds/firstRoomFG/MAP1o_12.png</asset>
<asset name='fg1_13' type='graphic'>backgrounds/firstRoomFG/MAP1o_13.png</asset>
<asset name='fg1_14' type='graphic'>backgrounds/firstRoomFG/MAP1o_14.png</asset>
<asset name='fg1_15' type='graphic'>backgrounds/firstRoomFG/MAP1o_15.png</asset>
<asset name='fg1_21' type='graphic'>backgrounds/firstRoomFG/MAP1o_21.png</asset>
<asset name='fg1_22' type='graphic'>backgrounds/firstRoomFG/MAP1o_22.png</asset>
<asset name='fg1_23' type='graphic'>backgrounds/firstRoomFG/MAP1o_23.png</asset>
<asset name='fg1_24' type='graphic'>backgrounds/firstRoomFG/MAP1o_24.png</asset>
<asset name='fg1_25' type='graphic'>backgrounds/firstRoomFG/MAP1o_25.png</asset>
<asset name='fg1_31' type='graphic'>backgrounds/firstRoomFG/MAP1o_31.png</asset>
<asset name='fg1_32' type='graphic'>backgrounds/firstRoomFG/MAP1o_32.png</asset>
<asset name='fg1_33' type='graphic'>backgrounds/firstRoomFG/MAP1o_33.png</asset>
<asset name='fg1_34' type='graphic'>backgrounds/firstRoomFG/MAP1o_34.png</asset>
<asset name='fg1_35' type='graphic'>backgrounds/firstRoomFG/MAP1o_35.png</asset>
<asset name='fg1_41' type='graphic'>backgrounds/firstRoomFG/MAP1o_41.png</asset>
<asset name='fg1_42' type='graphic'>backgrounds/firstRoomFG/MAP1o_42.png</asset>
<asset name='fg1_43' type='graphic'>backgrounds/firstRoomFG/MAP1o_43.png</asset>
<asset name='fg1_44' type='graphic'>backgrounds/firstRoomFG/MAP1o_44.png</asset>
<asset name='fg1_45' type='graphic'>backgrounds/firstRoomFG/MAP1o_45.png</asset>
  
  <asset name='firstRoomStairs1' type='path'>1574,1372;1990,1696;1980,1760;1580,1448</asset>
  <asset name='firstRoomStairs2' type='path'>876,2710;1474,3156;1482,3288;868,2796</asset>

	<asset name='aradia_happy' type='graphic'>dialogs/aradia_happy.png</asset>
	<asset name='aradia_happytalk' type='graphic'>dialogs/aradia_happytalk.png</asset>
	<asset name='aradia_idle' type='graphic'>dialogs/aradia_idle.png</asset>
	<asset name='aradia_laugh' type='graphic'>dialogs/aradia_laugh.png</asset>
	<asset name='aradia_point' type='graphic'>dialogs/aradia_point.png</asset>
	<asset name='aradia_talk' type='graphic'>dialogs/aradia_talk.png</asset>
	<asset name='aradia_wink' type='graphic'>dialogs/aradia_wink.png</asset>
	
	<asset name='obj01' type='graphic'>objects/01.png</asset>
	<asset name='obj02' type='graphic'>objects/02.png</asset>
	<asset name='obj03' type='graphic'>objects/03.png</asset>
	<asset name='obj04' type='graphic'>objects/04.png</asset>
	<asset name='obj05' type='graphic'>objects/05.png</asset>
	<asset name='obj06' type='graphic'>objects/06.png</asset>
	<asset name='obj07' type='graphic'>objects/07.png</asset>
	<asset name='obj08' type='graphic'>objects/08.png</asset>
	<asset name='obj09' type='graphic'>objects/09.png</asset>
	<asset name='obj10' type='graphic'>objects/10.png</asset>
	
	<asset name='andrewSheet' type='graphic'>chars/andrew.png</asset>
	<asset name='andrewSitSheet' type='graphic'>chars/ah_sit.png</asset>
	<asset name='eightBallsSheet' type='graphic'>objects/ah_8balls.png</asset>
</assets>

<hud>
	<dialogsprites>
		<animation name='aradia_happy' class='aradia-dialog' sheet='aradia_happy' />
		<animation name='aradia_happytalk' class='aradia-dialog' sheet='aradia_happytalk' length='2' />
		<animation name='aradia_idle' class='aradia-dialog' sheet='aradia_idle' />
		<animation name='aradia_laugh' class='aradia-dialog' sheet='aradia_laugh'  length='1' />
		<animation name='aradia_point' class='aradia-dialog' sheet='aradia_point' />
		<animation name='aradia_talk' class='aradia-dialog' sheet='aradia_talk'  length='2' />
		<animation name='aradia_wink' class='aradia-dialog' sheet='aradia_wink' />
	</dialogsprites>
</hud>

<sprite name='firstRoomToggle' y='0'>
    <animation sheet='aradiaSheet'/>
</sprite>

<sprite name='firstRoomFocusPoint' x='3336' y='280'>
    <animation sheet='aradiaSheet'/>
</sprite>

<sprite depthing='2' name='obj01'>
<animation x='-50' y='-50' sheet='obj01'/>
</sprite>
<sprite depthing='2' name='obj02'>
<animation x='-50' y='-50' sheet='obj02'/>
</sprite>
<sprite depthing='2' name='obj03'>
<animation x='-50' y='-50' sheet='obj03'/>
</sprite>
<sprite depthing='2' name='obj04'>
<animation x='-50' y='-50' sheet='obj04'/>
</sprite>
<sprite depthing='2' name='obj05'>
<animation x='-50' y='-50' sheet='obj05'/>
</sprite>
<sprite depthing='2' name='obj06'>
<animation x='-50' y='-50' sheet='obj06'/>
</sprite>
<sprite depthing='2' name='obj07'>
<animation x='-50' y='-50' sheet='obj07'/>
</sprite>
<sprite depthing='2' name='obj08'>
<animation x='-50' y='-50' sheet='obj08'/>
</sprite>
<sprite depthing='2' name='obj09'>
<animation x='-50' y='-50' sheet='obj09'/>
</sprite>
<sprite depthing='2' name='obj10'>
<animation x='-50' y='-50' sheet='obj10'/>
</sprite>

<rooms>
  <room name='firstRoom' width='4800' height='3872' walkableMap='firstRoomMap'>
  	
  	<triggers>
  		<trigger>
  			<args>spriteProperty,char,x>4650</args>
  			<action command='deltaSprite'>
  				<args>char,-12,0</args>
  				<action command='changeRoomRemote'>secondRoom.xml,secondRoom,800,790</action>
  			</action>
  		</trigger>
  		<trigger>inBox,char,1056,1773,60,150
  			<action command='moveSprite'>
						<args>firstRoomToggle,0,50</args>
				</action>
  		</trigger>
  		<trigger>inBox,char,1439,1730,60,110
  			<trigger>spriteProperty,firstRoomToggle,y!=0
					<action command='moveSprite'>
						<args>firstRoomToggle,0,0</args>
						<action class='aradiaTalk2'/>
					</action>
  			</trigger>
  		</trigger>
  		<trigger detonate='true'>inBox,char,2710,234,54,250
  			<action command='waitFor'>
  				<args>spriteProperty,andrewRun,y&gt;600</args>
  				<action command='becomePlayer' noWait='true'>
  					<args>andrewRun</args>
  					<action command='playAnimation' noWait='true'>
							<args>andrewRun,walkRight</args>
							<action command='changeFocus' noWait='true'>
								<args>firstRoomFocusPoint</args>
								<action command='deltaSprite' noWait='true' times='6'>
									<args>andrewRun,11,0</args>
									<action command='deltaSprite' noWait='true' times='17'>
										<args>andrewRun,11,-9</args>
										<action command='deltaSprite' noWait='true' times='30'>
											<args>andrewRun,11,13</args>
											<action command='changeFocus'>
												<args>char</args>
											</action>
										</action>
									</action>
								</action>
							</action>
						</action>
  				</action>
  			</action>
  		</trigger>
  		<trigger detonate='true'>inBox,char,1450,3332,180,36
  			<action command='talk'>
  				<args>
  				@! Wait. You hear something nearby.
				  @! Is...
				  @! Is that...
				  @!:#???? Sobbing?
				  </args>
  			</action>
  			
  		</trigger>
  	</triggers>
  	
    <paths>
  		<motionpath path="firstRoomStairs1" xtox = '0.7' xtoy = '0.7' ytox='0' ytoy = '1' dx='0' dy='0'/>
  		<motionpath path="firstRoomStairs2" xtox = '0.7' xtoy = '0.7' ytox='0' ytoy = '1' dx='0' dy='0'/>
  	</paths>
    
    <character class='andrew' name='andrewRun' x='2965' y='380'/>
    
    <character class='andrew' name='andrew' x='976' y='3504' state='sit'>
    	<action class='andrewTalk1'/>
    </character>
    
    <sprite name='eightBalls' x='906' y='3314'>
    	<animation sheet='eightBallsSheet'/>
    </sprite>
    
    <sprite name='questSwitch'>
    	<animation sheet='eightBallsSheet'/>
    </sprite>

    <character name='meenah' x='1490' y='630' sx='-50' sy='-110' sWidth='100' sHeight='130' width='30' height='15' 
	       sheet='meenahSheet' state='walkFront' facing='Front'>
	  	<animation name='skate' sheet='meenahSkate' x='-60' y='-80' />
      <action name='Be Meenah.' sprite='!kankri' command='changeChar'>
      	<args>meenah</args>
      	<action command='playSong'>fusciaRuler, 32.0830</action>
      </action>
      <action class='meenahTalk1' />
      <action class='meenahTalk2' />
      <action class='meenahTalk3'>
      	<action command='talk'>
      		<args>@! Be Meenah?</args>
		    	<action command='presentActions'>
		    		<args>
		    			<action name='Yes' command='changeChar'>
								<args>meenah</args>
								<action command='playSong'>
									<args>fusciaRuler, 32.0830</args>
									<action command='removeAction'>
										<args>karkat,Talk to Karkat.</args>
										<action command='addActions'>
											<args>karkat,
												<action class='karkatTalk2'/>
											</args>
										</action> 
									</action>
								</action>
							</action>
							<action name='No' command='cancel'>
							</action>
		    		</args>
		    	</action>
		    </action>
      </action>
    </character>
    
    <sprite name='aradia' x='1650' y='1705' width='40' height='20' collidable='true'>
    	<animation sheet='aradiaSheet' x='-40' y='-100'/>
    	<action class='aradiaTalk1'/>
    </sprite>
    
    <sprite class='chest1' name='firstRoomChest1' x='2913' y='208'>
    	<action command='openChest' name='open'>
    		<args>firstRoomChest1,obj01, @! You got a GOLD TIARA!
      @!:#bling#carats#jackpot You have no intention of wearing this thing, but it doesn't hurt to start stockpiling loot again. Now that you're dead, you're finding yourself a little light on collateral, if you know what I'm saying.</args>
    	</action>
    </sprite>
    <sprite class='chest1' name='firstRoomChest2' x='2745' y='576'>
    	<action command='openChest' name='open'>
    		<args>firstRoomChest2,obj02,@! You got a DOUBLE TRIDENT!
      @!:#GOLD#$$$$$#booyeah You already have one of these. But there ain't nothing wrong with stowing a little more SOLID GOLD in your inventory. You got an extravagant ghost sea princess lifestyle to maintain.</args>
    	</action>
    </sprite>
    <sprite class='chest1' name='firstRoomChest3' x='426' y='558'>
    	<action command='openChest' name='open'>
    		<args>firstRoomChest3,obj03, @! You got a DIRTY OLD FEDORA!
      @!:#hornless-troll-indiana-jones-hat Totally useless. This nasty trash isn't coming anywhere close to your head. Doesn't even have horn holes. Looks like something an archaeologist would wear. You wonder whose memory this is?
</args>
    	</action>
    </sprite>
    <sprite class='chest1' name='firstRoomChest4' x='2643' y='1557'>
    	<action command='openChest' name='open'>
    		<args>firstRoomChest4,obj04,@!:#ka-ching You got some BOONDOLLARS! 
      @!:#broke It's not much, but you pocket the loot without a second thought. The bankroll's been a little slack since you died, and every bit helps on your climb back to obscene wealth.</args>
    	</action>
    </sprite>
    <sprite class='chest1' name='firstRoomChest5' x='2052' y='2037'>
    	<action command='openChest' name='open'>
    		<args>firstRoomChest5,obj05, @!:#pyralspite You got a SCALEMATE PLUSH!
      @!:#highly-desirable-merchandise Holy shit. You are never going to stop hugging this thing. Ever.</args>
    	</action>
    </sprite>
    <sprite class='chest1' name='firstRoomChest6' x='278' y='1710'>
    	<action command='openChest' name='open'>
    		<args>firstRoomChest6,obj06,@! You got some ANCIENT SERPENT BONES!
      @!:#where's-the-prawn-shop-in-this-bitch Again, a strange thing to find. Who here would have a memory of these? Huge prehistoric green serpents have always played a major role in your people's mythology, both before and after your session scratched. Of course, only people with an interest in ancient lore and dusty old bones give a crap about that. You're much more interested in their monetary value. Hopefully you can find a sucker to pay up for them big time.</args>
    	</action>
    </sprite>
    <sprite class='chest1' name='firstRoomChest7' x='213' y='2097'>
    	<action command='openChest' name='open'>
    		<args>firstRoomChest7,obj07, @! You got a BRONZE POTION!
      @!:#you-throw-it-off-a-cliff This stuff is supposed to make you kiss good, with side effects of mild to total paralysis. Wait a minute... isn't this just some troll blood? Oh yuck.</args>
    	</action>
    </sprite>
    <sprite class='chest1' name='firstRoomChest8' x='1152' y='2421'>
    	<action command='openChest' name='open'>
    		<args>firstRoomChest8,obj08,@! You got a thing of MOTOR OIL!
      @!:#P.S.#you-take-a-little-sip#it-tastes-awful Hey, this bottle even has the label intact! Typically the label is ripped off and applied to chalk murals. The fact that it still has a label makes it much more valuable as a collector's item. Always gotta be mindful of the cash value of the useless shit you find in chests.</args>
    	</action>
    </sprite>
    <sprite class='chest1' name='firstRoomChest9' x='2568' y='2856'>
    	<action command='openChest' name='open'>
    		<args>firstRoomChest9,obj09,@! You got a BOONBUCK!
      @!:#but-once-you're-there#you-can-try-to-make-it-back-in-a-FUCKING-HURRY Now we're talking. This should get your broke ass off the canvas. It's such a crime that the insane fortune you accumulated in your game doesn't persist after you die. You guess it's true, you really can't take it with you to the other side.</args>
    	</action>
    </sprite>
    <sprite class='chest1' name='firstRoomChest10' x='834' y='3235'>
    	<action command='openChest' name='open'>
    		<args>firstRoomChest10,obj10,@! You got a BLOODY CHERUB TOOTH!
      @!:#or-whoever-makes-the-first-offer The fact that this is in a chest here is kind of disturbing to you in ways you can't really explain. You think you'll try to sell this thing to the highest bidder as soon as possible.</args>
    	</action>
    </sprite>
    <!--
    <sprite name='firstRoomBG'>
      <animation sheet='firstRoomBG'/>
    </sprite>
    <sprite name='firstRoomFG' depthing='2'>
      <animation sheet='firstRoomFG'/>
    </sprite>
    -->
    <sprite name='bg1_11' x='0' y='0' ><animation sheet='bg1_11'/></sprite>
<sprite name='bg1_12' x='1000' y='0' ><animation sheet='bg1_12'/></sprite>
<sprite name='bg1_13' x='2000' y='0' ><animation sheet='bg1_13'/></sprite>
<sprite name='bg1_14' x='3000' y='0' ><animation sheet='bg1_14'/></sprite>
<sprite name='bg1_15' x='4000' y='0' ><animation sheet='bg1_15'/></sprite>
<sprite name='bg1_21' x='0' y='1000' ><animation sheet='bg1_21'/></sprite>
<sprite name='bg1_22' x='1000' y='1000' ><animation sheet='bg1_22'/></sprite>
<sprite name='bg1_23' x='2000' y='1000' ><animation sheet='bg1_23'/></sprite>
<sprite name='bg1_24' x='3000' y='1000' ><animation sheet='bg1_24'/></sprite>
<sprite name='bg1_25' x='4000' y='1000' ><animation sheet='bg1_25'/></sprite>
<sprite name='bg1_31' x='0' y='2000' ><animation sheet='bg1_31'/></sprite>
<sprite name='bg1_32' x='1000' y='2000' ><animation sheet='bg1_32'/></sprite>
<sprite name='bg1_33' x='2000' y='2000' ><animation sheet='bg1_33'/></sprite>
<sprite name='bg1_34' x='3000' y='2000' ><animation sheet='bg1_34'/></sprite>
<sprite name='bg1_35' x='4000' y='2000' ><animation sheet='bg1_35'/></sprite>
<sprite name='bg1_41' x='0' y='3000' ><animation sheet='bg1_41'/></sprite>
<sprite name='bg1_42' x='1000' y='3000' ><animation sheet='bg1_42'/></sprite>
<sprite name='bg1_43' x='2000' y='3000' ><animation sheet='bg1_43'/></sprite>
<sprite name='bg1_44' x='3000' y='3000' ><animation sheet='bg1_44'/></sprite>
<sprite name='bg1_45' x='4000' y='3000' ><animation sheet='bg1_45'/></sprite>

<sprite name='fg1_11' x='0' y='0' depthing='2' ><animation sheet='fg1_11'/></sprite>
<sprite name='fg1_12' x='1000' y='0' depthing='2' ><animation sheet='fg1_12'/></sprite>
<sprite name='fg1_13' x='2000' y='0' depthing='2' ><animation sheet='fg1_13'/></sprite>
<sprite name='fg1_14' x='3000' y='0' depthing='2' ><animation sheet='fg1_14'/></sprite>
<sprite name='fg1_15' x='4000' y='0' depthing='2' ><animation sheet='fg1_15'/></sprite>
<sprite name='fg1_21' x='0' y='1000' depthing='2' ><animation sheet='fg1_21'/></sprite>
<sprite name='fg1_22' x='1000' y='1000' depthing='2' ><animation sheet='fg1_22'/></sprite>
<sprite name='fg1_23' x='2000' y='1000' depthing='2' ><animation sheet='fg1_23'/></sprite>
<sprite name='fg1_24' x='3000' y='1000' depthing='2' ><animation sheet='fg1_24'/></sprite>
<sprite name='fg1_25' x='4000' y='1000' depthing='2' ><animation sheet='fg1_25'/></sprite>
<sprite name='fg1_31' x='0' y='2000' depthing='2' ><animation sheet='fg1_31'/></sprite>
<sprite name='fg1_32' x='1000' y='2000' depthing='2' ><animation sheet='fg1_32'/></sprite>
<sprite name='fg1_33' x='2000' y='2000' depthing='2' ><animation sheet='fg1_33'/></sprite>
<sprite name='fg1_34' x='3000' y='2000' depthing='2' ><animation sheet='fg1_34'/></sprite>
<sprite name='fg1_35' x='4000' y='2000' depthing='2' ><animation sheet='fg1_35'/></sprite>
<sprite name='fg1_41' x='0' y='3000' depthing='2' ><animation sheet='fg1_41'/></sprite>
<sprite name='fg1_42' x='1000' y='3000' depthing='2' ><animation sheet='fg1_42'/></sprite>
<sprite name='fg1_43' x='2000' y='3000' depthing='2' ><animation sheet='fg1_43'/></sprite>
<sprite name='fg1_44' x='3000' y='3000' depthing='2' ><animation sheet='fg1_44'/></sprite>
<sprite name='fg1_45' x='4000' y='3000' depthing='2' ><animation sheet='fg1_45'/></sprite>
  </room>
  
 
</rooms>
</sburb>
