<sburb description="fourth room">

<dependencies>
	<dependency>fourthRoomDialog.xml</dependency>
</dependencies>

<classes>

</classes>

<assets>
	<asset name='araneaStandSheet' type='graphic'>chars/aranea_expostand.png</asset>
	<asset name='peanutsSheet' type='graphic'>backgrounds/peanuts.png</asset>

  <asset name='fourthRoomBG_0_0' type='graphic'>backgrounds/slices/fourthRoomBG_0_0.png</asset>
<asset name='fourthRoomBG_0_1' type='graphic'>backgrounds/slices/fourthRoomBG_0_1.png</asset>
<asset name='fourthRoomBG_1_0' type='graphic'>backgrounds/slices/fourthRoomBG_1_0.png</asset>
<asset name='fourthRoomBG_1_1' type='graphic'>backgrounds/slices/fourthRoomBG_1_1.png</asset>
<asset name='fourthRoomFG_0_0' type='graphic'>backgrounds/slices/fourthRoomFG_0_0.png</asset>
<asset name='fourthRoomFG_0_1' type='graphic'>backgrounds/slices/fourthRoomFG_0_1.png</asset>
<asset name='fourthRoomFG_1_0' type='graphic'>backgrounds/slices/fourthRoomFG_1_0.png</asset>
<asset name='fourthRoomFG_1_1' type='graphic'>backgrounds/slices/fourthRoomFG_1_1.png</asset>
  <asset name='fourthRoomMap' type='graphic'>backgrounds/fourthRoomMap.png</asset>
  
  <asset name='spritedHorse' type='graphic'>objects/spiritedhorse.png</asset>
  
  <asset name='elevatorstuck' type='audio'>audio/music/ElevatorstuckLoopQuiet.oga;audio/music/ElevatorstuckLoopQuiet.mp3</asset>
</assets>

<sprite name='peanuts' depthing='2'>
	<animation sheet='peanutsSheet'/>
</sprite>

<sprite name='endSwitch' x='10' y='0'>
	<animation sheet='araneaStandSheet'/>
</sprite>

<sprite name='secretObj' depthing='2'>
	<animation sheet='spritedHorse' x='-50' y='-50'/>
</sprite>

<sprite class='chest1' name='fourthRoomChest1' x='166' y='498'>
    	<action command='openChest' name='open'>
    		<args>fourthRoomChest1,secretObj, @! You got a 2010 SPIRITED HORSE CALENDAR!
      @!:#fuckin-pain-in-the-red-cheeks You flip through it and... yep. Hearts Boxcars is still farming all those goddamn horses.</args>
    	</action>
    </sprite>

<rooms>
  <room name='fourthRoom' width='1896' height='1488' walkableMap='fourthRoomMap'>
   	<triggers>
			<trigger>spriteProperty,endSwitch,x=0
				<action class='peanutActions'/>
			</trigger>
			<trigger detonate='true'>spriteProperty,char,y&lt;1236
				<action class='fourthRoomIntro'/>
			</trigger>
			<trigger>spriteProperty,char,x&gt;1808
				<action command='deltaSprite'>
					<args>char,-12,0</args>
					<action command='talk'>
						<args>@! This leads to the end of the game. Are you sure you're done here?</args>
						<action command='presentActions'>
							<args>
								<action name='Yes' command='fadeOut'>
									<args></args>
									<action command='talk'>
										<args>@! That's the end. Continue playing on the next page.</args>
										<action command='presentActions'>
										 	<args>
											 	<action command='loadStateFile' name='Start over'>
														<args>openbound.xml,false</args>
												</action>
											</args>
										</action>
									</action>
								</action>
								<action name='No' command='cancel'>
								</action>
							</args>
						</action>
					</action>
				</action>
			</trigger>
			<trigger detonate='true'>spriteProperty,questSwitch,x!=0
				<action command='addSprite'>
					<args>fourthRoomChest1,fourthRoom</args>
				</action>
			</trigger>
		</triggers>
		
		
		
   	<sprite name='araneaStand' x='1486' y='398' width='100' height='30' collidable='true' depthing='1'>
   		<animation sheet='araneaStandSheet' x='-44' y='-100'/>
   		<action command='addOverlay' name='Talk.'>
   			<args>peanuts</args>
   			<action class='peanutActions'>
				</action>
   		</action>
   	</sprite>
   
    <sprite name='fourthRoomBG_0_0' x='0' y='0'><animation sheet='fourthRoomBG_0_0' /></sprite>
<sprite name='fourthRoomBG_0_1' x='1000' y='0'><animation sheet='fourthRoomBG_0_1' /></sprite>
<sprite name='fourthRoomBG_1_0' x='0' y='1000'><animation sheet='fourthRoomBG_1_0' /></sprite>
<sprite name='fourthRoomBG_1_1' x='1000' y='1000'><animation sheet='fourthRoomBG_1_1' /></sprite>

<sprite name='fourthRoomFG_0_0' x='0' y='0' depthing='2'><animation sheet='fourthRoomFG_0_0' /></sprite>
<sprite name='fourthRoomFG_0_1' x='1000' y='0' depthing='2'><animation sheet='fourthRoomFG_0_1' /></sprite>
<sprite name='fourthRoomFG_1_0' x='0' y='1000' depthing='2'><animation sheet='fourthRoomFG_1_0' /></sprite>
<sprite name='fourthRoomFG_1_1' x='1000' y='1000' depthing='2'><animation sheet='fourthRoomFG_1_1' /></sprite>
  </room>
</rooms>
</sburb>
