<sburb><classes>
<action class='fourthRoomIntro' command='talk'><args>
	@meenah_happy MEENAH: so shouty
  @meenah_happy MEENAH: or... kankrat was it?
  @meenah_angry MEENAH: been meaning to axe you... HEY!
  @meenah_fish:#sigh MEENAH: whered he go?
  @meenah_wut2 MEENAH: its so hard makin friends
</args></action>

<action class='triggerEndTalk' command='moveSprite'>
		<args>endSwitch,0,0</args>
</action>

<action class='endTalk1' command='talk' name='Hey you see where louder Vantas went?'><args>
      @aranea_happytalk ARANEA: Yes, I saw him scurry 8y a moment ago. He went that way, into a memory of his old neigh8orhood.
      @meenah_talk MEENAH: man what gives
      @meenah_annoyedtalk:#do-i-need-a-fish-mint MEENAH: does my breath stink or
      @aranea_talk ARANEA: I think he just wants to 8e alone. He tried to lock his memories away from others, I guess without realizing these 8u88les can 8e very permea8le. If the memory is 8ig enough, people will 8e a8le to wander into it from many directions.
      @aranea_talk ARANEA: He pro8a8ly won't 8e too happy to find more of our friends hanging out there.
      @meenah_talk MEENAH: oh shit more of the old gang is that way
      @meenah_talk:#yay-more-useless-tools MEENAH: guess i better go talk to them too
      @meenah_talk MEENAH: probably have to bail shouty out YET AGAIN
      @meenah_wut2 MEENAH: damn kid makes you work
      @aranea_happytalk ARANEA: That's pro8a8ly why you're o8sessed with him.
      @meenah_idle MEENAH: shut up
      <!--  -->
</args><action class='triggerEndTalk'/></action>


<action class='endTalk2' command='talk' name='Serket water u doin.'><args>
      @meenah_idle MEENAH: yo what is this shit
      @meenah_talk MEENAH: you sellin somefin here
      @meenah_fish MEENAH: if so i should warn you im a little low on funds these days
      @aranea_happytalk ARANEA: I am offering explanations! I will explain anything you desire.
      @meenah_creepylaugh MEENAH: ahahaha you must be out of your seasponge if you think ima part with anyfin of value for a shitty speech
      @aranea_happier ARANEA: Oh, no! You misunderstand. It is I who will pay YOU five 8oon8ucks if you listen to an explanation on any topic of your choosing!
      @meenah_annoyed:#good-grief MEENAH: oh
      @aranea_happytalk ARANEA: So what topic will it 8e?
      @meenah_idle:#im-thinking MEENAH: hang on!
      @aranea_talk ARANEA: Can't decide on a topic?
      @meenah_annoyedtalk MEENAH: no cant decide if its worth listening to you even if you pay me
      @aranea_annoyed ARANEA: >::::(
      @aranea_happytalk ARANEA: Now I know you're messing with me. I know you can't say no to easy money.
      @meenah_talk:#if-i-fall-asleep-do-i-still-get-paid MEENAH: yeah youre right
      @meenah_happy MEENAH: lay it on me

      <!--  -->
</args><action class='triggerEndTalk'/></action>


<action class='endTalk3' command='talk' name='Tell me about Kankri Vantas.'><args>
      @aranea_happytalk ARANEA: The Seer of 8lood played quite a different role on our team from that of his successor, though his potential as a 8lood player went similarly unrealized. It was only when he grew up on Alternia did he 8egin to tap into his a8ilities, triggering recollection of our lives on 8eforus, and what we all went through.
      @aranea_happytalk ARANEA: He remem8ered our more peaceful way of life, and his desire to unite people. As an adult he was a8le to do this much more effectively and maturely. Heroically, even. He learned how to inspire others, and 8e a true leader, even when the odds were stacked against him in his violent culture. It cost him his life, 8ut his message lived on. I 8elieve the Knight of 8lood now carries his 8urden, whether he has decided to accept it or not.
      @aranea_happytalk ARANEA: Many of us on Alternia grew up to 8ecome secret followers of his teachings. Just as many of us now follow them, though I'd say with a 8it more detachment. 8ecause we're dead! Speaking personally, I'd refer to myself as more of a "fan" of his story, and what it represents. 8oth the hidden potential in our friend he never quite found, and the hidden potential in all our people.
      @aranea_happytalk ARANEA: During our session, Kankri's trials as a leader were just as frustrating as those of his successor. He found it very hard to get others to take him seriously. While you would often try to divide us with your trou8lemaking, and turn us against each other to make us stronger - unsuccessfully I might add - he would try to unite us through proselytizing and lecture, just as unsuccessfully. 
      @meenah_annoyedtalk MEENAH: wow that sure was a bunch of stuff i already knew
      @aranea_happier ARANEA: Yes! And now it is fresher in your memory than ever. Thank you for listening, and here are your five 8oondollars!
      @meenah_creepy MEENAH: pleasure doin business with you
      <!--  -->
</args><action class='triggerEndTalk'/></action>

<action class='endTalk4' command='talk' name='Tell me about Latula Pyrope.'><args>
      @aranea_happytalk ARANEA: The Knight of Mind, to even the most casual o8server, is clearly the more "radical" instance of the two Pyropes. 8oth of course have disa8ilities which, if discovered, would slate each for culling in their respective cultures. Culling of course means something quite different on 8eforus. It means she would have 8een selected 8y a mem8er of a higher caste for adoption, and coddled excessively. 8ut for someone with a lifestyle as radical as hers, I'm sure you will agree that would have 8een a fate worse than death.
      @meenah_annoyedtalk MEENAH: serket yo this exposition is some straight up redonkulous junk even by your standards
      @aranea_annoyedtalk ARANEA: Would you like to make some money, or not?
      @meenah_talk MEENAH: you know me i am all about the boonjamins
      @aranea_mad ARANEA: Then please stand there quietly while I continue.
      @meenah_wut2:#*fine MEENAH: urrrhn fin
      @aranea_happytalk ARANEA: After the tragic accident which left her nasally impaired, her mighty dragon lusus, ancient and wise 8eyond our comprehension, 8egan to teach her "new ways to smell." To reinvent the sense, using other sense organs such as eyes and ears, awakening completely new experiences in her mind. She was truly an inspiration, and proved 8eyond a shadow of a dou8t that any handicap can 8e overcome, and doesn't have to stop you from 8eing as rad as you can truly 8e.
      @meenah_wut2 MEENAH: wuuut
      @meenah_wut MEENAH: serket are you whistlin through my blowhole with his idiotic shit
      @aranea_facepalmtalk ARANEA: Yes, that last part was a joke. Lighten up, Peixes!
      @meenah_talk:#seal#you-know#the-marine-barkbeast MEENAH: yeah yeah what do we have to do to seal this deal here
      @aranea_think ARANEA: Well........
      @meenah_talk MEENAH: Just tell me the bare minimum a what i need to hear to snag ma boonies and run
      @aranea_happytalk ARANEA: Ok. Even though Latula has 8een dating Mituna steadily for eons, it's hardly a secret to anyone that she and Kankri have had complicated unrequited feelings for even longer. So really, much like their descendants. Aaaaaaaand, we're done! Here you go.
      @meenah_happy MEENAH: fuckin score
      <!--  -->
</args><action class='triggerEndTalk'/></action>

<action class='endTalk5' command='talk' name='Tell me about Porrim Maryam..'><args>
      @aranea_happytalk ARANEA: The Maid of Space was of course our all-important Space player and Stoker of the Forge, 8ut as you know, we never made much progress on the frog 8reeding front, or really any aspect of the game 8efore the reckoning. Way too disorganized, way too much teen drama. Much of that drama of course centered around Kankri, and Porrim tended to 8e the one to keep him out of trou8le. This relationship persisted in their lives on Alternia, which... unfortunately didn't work out too well for her in the end. I'd address my involvement with that, 8ut you seem to 8e tapping your foot so I think I'll just skip over that part of the story!
      @aranea_happytalk ARANEA: On 8eforus, well 8efore her drinker a8ilities had awakened, she grew up in the caste almost solely devoted to tending to the mother gru8, hatching the young and proliferating the 8rood. The jade 8loods were also an almost exclusively female caste, and she 8egan to resent the roles she was hatched into, designated for 8oth her class and gender. She challenged these roles wherever they existed in 8eforan society, as well as where she found them woven into our session, in kingdoms, class assignments, consort culture and the like.
      @aranea_happytalk ARANEA: 8ut over the sweeps in our failed session, she found within herself a renewed interest in the duty that came with her 8loodline, which was of course the persistence of our people, a 8urden which her descendant now must 8ear. All life on 8eforus had 8een wiped out, and we'd failed our game, so she helped me search for a way to reset the...
      @meenah_annoyed MEENAH: zzzzzz
      @aranea_angry ARANEA: I was almost finished!!!!!!!!
      @meenah_annoyedtalk MEENAH: your just tellin me shit i know serk she was sorta my friend too remember
      @meenah_annoyedtalk MEENAH: cant you spice this jam up
      @aranea_idle ARANEA: I don't........
      @meenah_wink MEENAH: didnt she like sleep with erybody
      @meenah_wink MEENAH: gimme all the dirt on that
      @aranea_surprised ARANEA: What? 
      @aranea_surprised ARANEA: No, Meenah. I am not paying you so that you can listen to me indulge in such scandalous gossip.
      @aranea_think ARANEA: Now what was I talking a8out? Gosh, I've lost my train of thought........
      @meenah_happier MEENAH: ahahaha why you blushin girl
      @meenah_ohyes:#???????????#NOODLES-OF-INTENSE-CURIOSITY MEENAH: omigawd you and she...???????
      @aranea_surprised ARANEA: 
      @meenah_creepytalk MEENAH: ho man why didnt you ever tell me i thought we was fronds
      @aranea_madtalk ARANEA: Look. Three sweeps is a long time to spend in a failed, pointless session!
      @aranea_madtalk ARANEA: You look into the future and see a life lasting for may8e thousands of sweeps, with nothing to look forward to, and........
      @meenah_happier MEENAH: aaaand????
      @aranea_facepalmtalk ARANEA: It was just... kind of a phase! Just a little red fling, ok? It 8arely even lasted half a sweep, and...
      @aranea_annoyedtalk ARANEA: Hey, if I give you TEN 8oon8ucks, can we stop talking talking a8out this????????
      @meenah_happytalk MEENAH: make it a cool hunnid and you got a deal
      @aranea_angrytalk ARANEA: Argh, fine! Just take it!!!!!!!!
      @meenah_happytalk MEENAH: her imperious condescension thanks you for your generous contribution to the new empire
      @aranea_annoyedtalk ARANEA: I'm glad you're a good guy this time. You really were hatched to 8e SUCH A 8ITCH!!!!!!!!
      <!--  -->
</args><action class='triggerEndTalk'/></action>

<action class='endTalk6' command='removeOverlay' name='Peace out.'>
      <args>peanuts</args>
</action>

<action class='peanutActions' command='presentActions'>
	<args>
		<action class='endTalk1'/>
		<action class='endTalk2'/>
		<action class='endTalk3'/>
		<action class='endTalk4'/>
		<action class='endTalk5'/>
		<action class='endTalk6'/>
	</args>
	<action command='moveSprite' noDelay='true'>
		<args>endSwitch,10,0</args>
	</action>
</action>

</classes></sburb>
