<sburb name="Jterniabound" version="1.0" char='meenah' startAction='startGame' description="first area" scale='2' levelPath='levels/openbound' resourcePath='resources/openbound'>

<dependencies>
	<dependency>standardTemplates.xml</dependency>
	<dependency>rebubbleText.xml</dependency>
	<dependency>firstRoom.xml</dependency>
</dependencies>

<classes>
	<animation class='meenahDialog' frameInterval='6' x='-180' y='-524'/>
</classes>

<assets>
  <asset name='SburbFont' type='font'>
  	local:Courier New Bold, 
  	local:Courier New, 
  	url:fonts/cour.woff, 
  	url:fonts/cour.ttf, 
  	weight:bold
  </asset>


	
  <asset name='dialogBox' type='graphic'>interface/dialogBoxBig.png</asset>
  <asset name='alttextbox_twitter' type='graphic'>interface/alttextbox_twitter.png</asset>
  <asset name='hashTagBarSheet' type='graphic'>interface/hashtagbar.png</asset>
  <asset name='heartButtonSheet' type='graphic'>interface/icons_heart.png</asset>
  <asset name='spadeButtonSheet' type='graphic'>interface/icons_spade.png</asset>
  <asset name='bubbleButtonSheet' type='graphic'>interface/icons_bub.png</asset>
  <asset name='closeButtonSheet' type='graphic'>interface/closeconversation.png</asset>
  
  <asset name='meenah_idle' type='graphic'>dialogs/meenah_idle.png</asset>
  <asset name='meenah_talk' type='graphic'>dialogs/meenah_talk.png</asset>
  <asset name='meenah_angry' type='graphic'>dialogs/meenah_angry.png</asset>
  <asset name='meenah_angrytalk' type='graphic'>dialogs/meenah_angrytalk.png</asset>
  <asset name='meenah_annoyed' type='graphic'>dialogs/meenah_annoyed.png</asset>
  <asset name='meenah_annoyedtalk' type='graphic'>dialogs/meenah_annoyedtalk.png</asset>
  <asset name='meenah_creepy' type='graphic'>dialogs/meenah_creepy.png</asset>
  <asset name='meenah_creepytalk' type='graphic'>dialogs/meenah_creepytalk.png</asset>
  <asset name='meenah_creepylaugh' type='graphic'>dialogs/meenah_creepylaugh.png</asset>
  <asset name='meenah_fish' type='graphic'>dialogs/meenah_fish.png</asset>
  <asset name='meenah_fishtalk' type='graphic'>dialogs/meenah_fishtalk.png</asset>
  <asset name='meenah_happy' type='graphic'>dialogs/meenah_happy.png</asset>
  <asset name='meenah_happytalk' type='graphic'>dialogs/meenah_happytalk.png</asset>
  <asset name='meenah_happier' type='graphic'>dialogs/meenah_happier.png</asset>
  <asset name='meenah_ohyes' type='graphic'>dialogs/meenah_ohyes.png</asset>
  <asset name='meenah_wink' type='graphic'>dialogs/meenah_wink.png</asset>
  <asset name='meenah_wut' type='graphic'>dialogs/meenah_wut.png</asset>
  <asset name='meenah_wut2' type='graphic'>dialogs/meenah_wut2.png</asset>
  
  <asset name='startMovie' type='movie'>cutscenes/intro.swf</asset>

  <asset name='fusciaRuler' type='audio'>audio/music/FuschiaRulerQuiet.oga;audio/music/FuschiaRulerQuiet.mp3</asset>
  
  <asset name='closeSound' type='audio'>audio/sfx/Close1.oga;audio/sfx/Close1.mp3</asset>
  <asset name='grindSound' type='audio'>audio/sfx/Grind.oga;audio/sfx/Grind.mp3</asset>
  <asset name='hitPowerfulSound' type='audio'>audio/sfx/HitPowerful.oga;audio/sfx/HitPowerful.mp3</asset>
  <asset name='hitWeakSound' type='audio'>audio/sfx/HitWeak.oga;audio/sfx/HitWeak.mp3</asset>
  <asset name='itemGetSound' type='audio'>audio/sfx/ItemGetNoVoice.oga;audio/sfx/ItemGetNoVoice.mp3</asset>
  <asset name='itemGetVoiceSound' type='audio'>audio/sfx/ItemGetVoice.oga;audio/sfx/ItemGetVoice.mp3</asset>
  <asset name='openSound' type='audio'>audio/sfx/Open1.oga;audio/sfx/Open1.mp3</asset>
  <asset name='openSound2' type='audio'>audio/sfx/Open2.oga;audio/sfx/Open2.mp3</asset>
  <asset name='stairSound' type='audio'>audio/sfx/Staircase.oga;audio/sfx/Staircase.mp3</asset>
</assets>
<!--
<action name='startGame' command='playMovie'>
	<args>startMovie,fusciaRuler, 32.0830</args>
</action>
-->
<action name='startGame' command='playSong'>
	<args>fusciaRuler, 32.0830</args>
</action>

<hud>
  	<spritebutton name='volumeButton' x='9' y='9' width='54' height='36' sheet='volumeControl'>
  		<action command='toggleVolume' silent='true'></action>
  	</spritebutton>
  	<spritebutton name='helpButton' x='591' y='9' width='54' height='63' sheet='helpControl'>
  		<action command='talk' soft='true'>
  			<args>@! 測試文字測試文字。測試文字測試文字. 測試文字測試文字，test texts測試文字測試文字。 測試文字_測試文字_測試文字... Use the arrow keys or WASD to move, and space to interact. 測試文字，測試文字。</args>
  		</action>
  	</spritebutton>
  	<spritebutton name='saveButton' x='595' y='390' sheet='saveControl'>
  		<action command='saveOrLoad' soft='true'>
  			<args></args>
  		</action>
  	</spritebutton>
  	
  	
	<dialoger alertPos="56,120" talkPosRight="20,120" talkPosLeft="90,120" hiddenPos="-1000,120"
		spriteStartLeft="-300,450" spriteEndLeft="100,450" spriteStartRight="950,450" spriteEndRight="550,450"
		alertTextDimensions="30,30,450,220" leftTextDimensions="150,30,350,220" rightTextDimensions="30,30,350,220"
		box="dialogBox" type="social">
	</dialoger>
  	
  	<dialogsprites>	
  		<animation name='meenah_idle' class='meenahDialog' sheet='meenah_idle'/>
  		<animation name='meenah_talk' class='meenahDialog' sheet='meenah_talk' length='2'/>
  		<animation name='meenah_angry' class='meenahDialog' sheet='meenah_angry'/>
  		<animation name='meenah_angrytalk' class='meenahDialog' sheet='meenah_angrytalk' length='2'/>
  		<animation name='meenah_annoyed' class='meenahDialog' sheet='meenah_annoyed'/>
  		<animation name='meenah_annoyedtalk' class='meenahDialog' sheet='meenah_annoyedtalk' length='2'/>
  		<animation name='meenah_creepy' class='meenahDialog' sheet='meenah_creepy'/>
  		<animation name='meenah_creepytalk' class='meenahDialog' sheet='meenah_creepytalk' length='2'/>
  		<animation name='meenah_creepylaugh' class='meenahDialog' sheet='meenah_creepylaugh' length='2'/>
  		<animation name='meenah_fish' class='meenahDialog' sheet='meenah_fish'/>
  		<animation name='meenah_fishtalk' class='meenahDialog' sheet='meenah_fishtalk' length='2'/>
  		<animation name='meenah_happy' class='meenahDialog' sheet='meenah_happy'/>
  		<animation name='meenah_happytalk' class='meenahDialog' sheet='meenah_happytalk' length='2'/>
  		<animation name='meenah_happier' class='meenahDialog' sheet='meenah_happier'/>
  		<animation name='meenah_ohyes' class='meenahDialog' sheet='meenah_ohyes'/>
  		<animation name='meenah_wink' class='meenahDialog' sheet='meenah_wink' length='2'/>
  		<animation name='meenah_wut' class='meenahDialog' sheet='meenah_wut'/>
  		<animation name='meenah_wut2' class='meenahDialog' sheet='meenah_wut2'/>
  	</dialogsprites>
</hud>

<sprite name='hashTagBar'>
	<animation sheet='hashTagBarSheet'/>
</sprite>

<spritebutton name='spadeButton' x='440' y='300' width='30' height='26' sheet='spadeButtonSheet'>
	<action command='setButtonState' silent='true'>heartButton,0</action>
</spritebutton>

<spritebutton name='heartButton' x='480' y='300' width='30' height='26' sheet='heartButtonSheet'>
	<action command='setButtonState' silent='true'>spadeButton,0</action>
</spritebutton>

<spritebutton name='closeButton' x='220' y='60' width='203' height='37' sheet='closeButtonSheet'>
	<action command='skipDialog' silent='true'> </action>
</spritebutton>

<spritebutton name='bubbleButton' x='510' y='300' width='30' height='26' sheet='bubbleButtonSheet'>
	<action class='rebubble' />
</spritebutton>
  	
<!--
    
    <character name='terezi' x='200' y='600' sx='-50' sy='-110' sWidth='100' sHeight='130' width='48' height='21' 
	       sheet='terezisheet' state='walkFront' facing='Front'>
      <action name='swap' command='changeChar'>terezi</action>
    </character>
    
    -->
    
    <!--

  	<sprite class='chest' name='baseRoomChest1' x='600' y='400'>
		<action name='open' command='openChest'>baseRoomChest1,dollar,You got a boondollar!</action>
	</sprite>
	<sprite class='chest' name='baseRoomChest2' x='500' y='400'>
		<action name='????' command='teleportRemote'>trickster.xml,secretRoom,666,450</action>
	</sprite>
  	<sprite class='teleporter' name='baseRoomTeleporter' x='400' y='400'>
      <action name='teleport' command='teleportRemote'>stairRoom.xml,stairRoom,666,450</action>
    </sprite>-->
</sburb>
