<sburb description="second room">

<dependencies>
	<dependency>secondRoomDialog.xml</dependency>
</dependencies>

<classes>
	<animation class='rose-dialog' frameInterval='6' x='-190' y='-454'/>
	<animation class='dave-dialog' frameInterval='6' x='-230' y='-454'/>
	<animation class='kanaya-dialog' frameInterval='6' x='-180' y='-474'/>
	<animation class='aranea-dialog' frameInterval='6' x='-260' y='-524'/>
</classes>

<assets>
  
  <asset name='araneaSheet' type='graphic'>chars/aranea.png</asset>
  <asset name='davesheet' type='graphic'>chars/dave.png</asset>
  <asset name='rosesheet' type='graphic'>chars/rose.png</asset>
  <asset name='kanayasheet' type='graphic'>chars/kanaya.png</asset>
  
  <asset name='aranea_angry' type='graphic'>dialogs/aranea_angry.png</asset>
	<asset name='aranea_angrytalk' type='graphic'>dialogs/aranea_angrytalk.png</asset>
	<asset name='aranea_annoyed' type='graphic'>dialogs/aranea_annoyed.png</asset>
	<asset name='aranea_annoyedtalk' type='graphic'>dialogs/aranea_annoyedtalk.png</asset>
	<asset name='aranea_facepalm' type='graphic'>dialogs/aranea_facepalm.png</asset>
	<asset name='aranea_facepalmtalk' type='graphic'>dialogs/aranea_facepalmtalk.png</asset>
	<asset name='aranea_happier' type='graphic'>dialogs/aranea_happier.png</asset>
	<asset name='aranea_happy' type='graphic'>dialogs/aranea_happy.png</asset>
	<asset name='aranea_happytalk' type='graphic'>dialogs/aranea_happytalk.png</asset>
	<asset name='aranea_idle' type='graphic'>dialogs/aranea_idle.png</asset>
	<asset name='aranea_mad' type='graphic'>dialogs/aranea_mad.png</asset>
	<asset name='aranea_madtalk' type='graphic'>dialogs/aranea_madtalk.png</asset>
	<asset name='aranea_surprised' type='graphic'>dialogs/aranea_surprised.png</asset>
	<asset name='aranea_talk' type='graphic'>dialogs/aranea_talk.png</asset>
	<asset name='aranea_think' type='graphic'>dialogs/aranea_think.png</asset>
	
	<asset name='dave_concern' type='graphic'>dialogs/dave_concern.png</asset>
	<asset name='dave_huh' type='graphic'>dialogs/dave_huh.png</asset>
	<asset name='dave_huhtalk' type='graphic'>dialogs/dave_huhtalk.png</asset>
	<asset name='dave_idle' type='graphic'>dialogs/dave_idle.png</asset>
	<asset name='dave_mad' type='graphic'>dialogs/dave_mad.png</asset>
	<asset name='dave_madtalk' type='graphic'>dialogs/dave_madtalk.png</asset>
	<asset name='dave_smug' type='graphic'>dialogs/dave_smug.png</asset>
	<asset name='dave_talk' type='graphic'>dialogs/dave_talk.png</asset>
	
	<asset name='kanaya_angrytalk' type='graphic'>dialogs/kanaya_angrytalk.png</asset>
	<asset name='kanaya_bored' type='graphic'>dialogs/kanaya_bored.png</asset>
	<asset name='kanaya_cry' type='graphic'>dialogs/kanaya_cry.png</asset>
	<asset name='kanaya_facepalm' type='graphic'>dialogs/kanaya_facepalm.png</asset>
	<asset name='kanaya_happy' type='graphic'>dialogs/kanaya_happy.png</asset>
	<asset name='kanaya_happytalk' type='graphic'>dialogs/kanaya_happytalk.png</asset>
	<asset name='kanaya_idle' type='graphic'>dialogs/kanaya_idle.png</asset>
	<asset name='kanaya_smirklaugh' type='graphic'>dialogs/kanaya_smirklaugh.png</asset>
	<asset name='kanaya_smirktalk' type='graphic'>dialogs/kanaya_smirktalk.png</asset>
	<asset name='kanaya_talk' type='graphic'>dialogs/kanaya_talk.png</asset>
	
	<asset name='rose_annoyed' type='graphic'>dialogs/rose_annoyed.png</asset>
	<asset name='rose_annoyedtalk' type='graphic'>dialogs/rose_annoyedtalk.png</asset>
	<asset name='rose_concern' type='graphic'>dialogs/rose_concern.png</asset>
	<asset name='rose_coy' type='graphic'>dialogs/rose_coy.png</asset>
	<asset name='rose_coytalk' type='graphic'>dialogs/rose_coytalk.png</asset>
	<asset name='rose_happy' type='graphic'>dialogs/rose_happy.png</asset>
	<asset name='rose_happytalk' type='graphic'>dialogs/rose_happytalk.png</asset>
	<asset name='rose_idle' type='graphic'>dialogs/rose_idle.png</asset>
	<asset name='rose_laugh' type='graphic'>dialogs/rose_laugh.png</asset>
	<asset name='rose_sad' type='graphic'>dialogs/rose_sad.png</asset>
	<asset name='rose_talk' type='graphic'>dialogs/rose_talk.png</asset>	
  
  <asset name='secondRoomMap' type='graphic'>backgrounds/secondRoomMap.png</asset>
  <asset name='secondRoomBG_0_0' type='graphic'>backgrounds/slices/secondRoomBG_0_0.png</asset>
<asset name='secondRoomBG_0_1' type='graphic'>backgrounds/slices/secondRoomBG_0_1.png</asset>
<asset name='secondRoomBG_0_2' type='graphic'>backgrounds/slices/secondRoomBG_0_2.png</asset>
<asset name='secondRoomBG_0_3' type='graphic'>backgrounds/slices/secondRoomBG_0_3.png</asset>
<asset name='secondRoomBG_0_4' type='graphic'>backgrounds/slices/secondRoomBG_0_4.png</asset>
<asset name='secondRoomBG_1_0' type='graphic'>backgrounds/slices/secondRoomBG_1_0.png</asset>
<asset name='secondRoomBG_1_1' type='graphic'>backgrounds/slices/secondRoomBG_1_1.png</asset>
<asset name='secondRoomBG_1_2' type='graphic'>backgrounds/slices/secondRoomBG_1_2.png</asset>
<asset name='secondRoomBG_1_3' type='graphic'>backgrounds/slices/secondRoomBG_1_3.png</asset>
<asset name='secondRoomBG_1_4' type='graphic'>backgrounds/slices/secondRoomBG_1_4.png</asset>
<asset name='secondRoomBG_2_0' type='graphic'>backgrounds/slices/secondRoomBG_2_0.png</asset>
<asset name='secondRoomBG_2_1' type='graphic'>backgrounds/slices/secondRoomBG_2_1.png</asset>
<asset name='secondRoomBG_2_2' type='graphic'>backgrounds/slices/secondRoomBG_2_2.png</asset>
<asset name='secondRoomBG_2_3' type='graphic'>backgrounds/slices/secondRoomBG_2_3.png</asset>
<asset name='secondRoomBG_2_4' type='graphic'>backgrounds/slices/secondRoomBG_2_4.png</asset>
<asset name='secondRoomBG_3_0' type='graphic'>backgrounds/slices/secondRoomBG_3_0.png</asset>
<asset name='secondRoomBG_3_1' type='graphic'>backgrounds/slices/secondRoomBG_3_1.png</asset>
<asset name='secondRoomBG_3_2' type='graphic'>backgrounds/slices/secondRoomBG_3_2.png</asset>
<asset name='secondRoomBG_3_3' type='graphic'>backgrounds/slices/secondRoomBG_3_3.png</asset>
<asset name='secondRoomBG_3_4' type='graphic'>backgrounds/slices/secondRoomBG_3_4.png</asset>
<asset name='secondRoomFG_0_0' type='graphic'>backgrounds/slices/secondRoomFG_0_0.png</asset>
<asset name='secondRoomFG_0_1' type='graphic'>backgrounds/slices/secondRoomFG_0_1.png</asset>
<asset name='secondRoomFG_0_2' type='graphic'>backgrounds/slices/secondRoomFG_0_2.png</asset>

<asset name='secondRoomFG_1_0' type='graphic'>backgrounds/slices/secondRoomFG_1_0.png</asset>
<asset name='secondRoomFG_1_1' type='graphic'>backgrounds/slices/secondRoomFG_1_1.png</asset>
<asset name='secondRoomFG_1_2' type='graphic'>backgrounds/slices/secondRoomFG_1_2.png</asset>

<asset name='secondRoomFG_2_0' type='graphic'>backgrounds/slices/secondRoomFG_2_0.png</asset>
<asset name='secondRoomFG_2_1' type='graphic'>backgrounds/slices/secondRoomFG_2_1.png</asset>
<asset name='secondRoomFG_2_2' type='graphic'>backgrounds/slices/secondRoomFG_2_2.png</asset>

<asset name='secondRoomFG_3_0' type='graphic'>backgrounds/slices/secondRoomFG_3_0.png</asset>
<asset name='secondRoomFG_3_1' type='graphic'>backgrounds/slices/secondRoomFG_3_1.png</asset>

  <asset name='secondRoomStairs1' type='path'>1288,2866;1453,2702;1466,2825;1301,2966</asset>
  
  <asset name='obj11' type='graphic'>objects/11.png</asset>
<asset name='obj12' type='graphic'>objects/12.png</asset>
<asset name='obj13' type='graphic'>objects/13.png</asset>
<asset name='obj14' type='graphic'>objects/14.png</asset>
<asset name='obj15' type='graphic'>objects/15.png</asset>
<asset name='obj16' type='graphic'>objects/16.png</asset>
<asset name='obj17' type='graphic'>objects/17.png</asset>
<asset name='obj18' type='graphic'>objects/18.png</asset>
<asset name='obj19' type='graphic'>objects/19.png</asset>
<asset name='obj20' type='graphic'>objects/20.png</asset>
<asset name='obj21' type='graphic'>objects/21.png</asset>
<asset name='obj22' type='graphic'>objects/22.png</asset>
  
</assets>

<hud>
	<dialogsprites>
		<animation name='aranea_angry' class='aranea-dialog' sheet='aranea_angry' />
		<animation name='aranea_angrytalk' class='aranea-dialog' sheet='aranea_angrytalk' length='2'/>
		<animation name='aranea_annoyed' class='aranea-dialog' sheet='aranea_annoyed' />
		<animation name='aranea_annoyedtalk' class='aranea-dialog' sheet='aranea_annoyedtalk' length='2'/>
		<animation name='aranea_facepalm' class='aranea-dialog' sheet='aranea_facepalm' />
		<animation name='aranea_facepalmtalk' class='aranea-dialog' sheet='aranea_facepalmtalk' length='2'/>
		<animation name='aranea_happier' class='aranea-dialog' sheet='aranea_happier' length='2'/>
		<animation name='aranea_happy' class='aranea-dialog' sheet='aranea_happy' />
		<animation name='aranea_happytalk' class='aranea-dialog' sheet='aranea_happytalk' length='2'/>
		<animation name='aranea_idle' class='aranea-dialog' sheet='aranea_idle' />
		<animation name='aranea_mad' class='aranea-dialog' sheet='aranea_mad' />
		<animation name='aranea_madtalk' class='aranea-dialog' sheet='aranea_madtalk' length='2'/>
		<animation name='aranea_surprised' class='aranea-dialog' sheet='aranea_surprised' />
		<animation name='aranea_talk' class='aranea-dialog' sheet='aranea_talk' length='2'/>
		<animation name='aranea_think' class='aranea-dialog' sheet='aranea_think' />
		<animation name='dave_concern' class='dave-dialog' sheet='dave_concern' length='2'/>
		<animation name='dave_huh' class='dave-dialog' sheet='dave_huh' />
		<animation name='dave_huhtalk' class='dave-dialog' sheet='dave_huhtalk' length='2'/>
		<animation name='dave_idle' class='dave-dialog' sheet='dave_idle' />
		<animation name='dave_mad' class='dave-dialog' sheet='dave_mad' />
		<animation name='dave_madtalk' class='dave-dialog' sheet='dave_madtalk' length='2'/>
		<animation name='dave_smug' class='dave-dialog' sheet='dave_smug' length='2'/>
		<animation name='dave_talk' class='dave-dialog' sheet='dave_talk' length='2'/>
		<animation name='kanaya_angrytalk' class='kanaya-dialog' sheet='kanaya_angrytalk' length='2'/>
		<animation name='kanaya_bored' class='kanaya-dialog' sheet='kanaya_bored' length='2'/>
		<animation name='kanaya_cry' class='kanaya-dialog' sheet='kanaya_cry' length='2'/>
		<animation name='kanaya_facepalm' class='kanaya-dialog' sheet='kanaya_facepalm' length='2'/>
		<animation name='kanaya_happy' class='kanaya-dialog' sheet='kanaya_happy' />
		<animation name='kanaya_happytalk' class='kanaya-dialog' sheet='kanaya_happytalk' length='2'/>
		<animation name='kanaya_idle' class='kanaya-dialog' sheet='kanaya_idle' />
		<animation name='kanaya_smirklaugh' class='kanaya-dialog' sheet='kanaya_smirklaugh' length='2'/>
		<animation name='kanaya_smirktalk' class='kanaya-dialog' sheet='kanaya_smirktalk' length='2'/>
		<animation name='kanaya_talk' class='kanaya-dialog' sheet='kanaya_talk' length='2'/>
		<animation name='rose_annoyed' class='rose-dialog' sheet='rose_annoyed' length='4' frameInterval='0:60,1:6'/>
		<animation name='rose_annoyedtalk' class='rose-dialog' sheet='rose_annoyedtalk' length='2'/>
		<animation name='rose_concern' class='rose-dialog' sheet='rose_concern' length='2'/>
		<animation name='rose_coy' class='rose-dialog' sheet='rose_coy' />
		<animation name='rose_coytalk' class='rose-dialog' sheet='rose_coytalk' length='2'/>
		<animation name='rose_happy' class='rose-dialog' sheet='rose_happy' />
		<animation name='rose_happytalk' class='rose-dialog' sheet='rose_happytalk' length='2' />
		<animation name='rose_idle' class='rose-dialog' sheet='rose_idle' length='4' frameInterval='0:60,1:6'/>
		<animation name='rose_laugh' class='rose-dialog' sheet='rose_laugh' length='2'/>
		<animation name='rose_sad' class='rose-dialog' sheet='rose_sad' />
		<animation name='rose_talk' class='rose-dialog' sheet='rose_talk' length='2'/>
	</dialogsprites>
</hud>

<sprite depthing='2' name='obj11'>
<animation x='-50' y='-50' sheet='obj11'/>
</sprite>
<sprite depthing='2' name='obj12'>
<animation x='-50' y='-50' sheet='obj12'/>
</sprite>
<sprite depthing='2' name='obj13'>
<animation x='-50' y='-50' sheet='obj13'/>
</sprite>
<sprite depthing='2' name='obj14'>
<animation x='-50' y='-50' sheet='obj14'/>
</sprite>
<sprite depthing='2' name='obj15'>
<animation x='-50' y='-50' sheet='obj15'/>
</sprite>
<sprite depthing='2' name='obj16'>
<animation x='-50' y='-50' sheet='obj16'/>
</sprite>
<sprite depthing='2' name='obj17'>
<animation x='-50' y='-50' sheet='obj17'/>
</sprite>
<sprite depthing='2' name='obj18'>
<animation x='-50' y='-50' sheet='obj18'/>
</sprite>
<sprite depthing='2' name='obj19'>
<animation x='-50' y='-50' sheet='obj19'/>
</sprite>
<sprite depthing='2' name='obj20'>
<animation x='-50' y='-50' sheet='obj20'/>
</sprite>
<sprite name='obj21' x='900' y='3000' collidable='true' depthing='1' width='35' height='30'>
	<animation x='-38' y='-44' sheet='obj21'/>
	<action command='talk' name='Talk.'>
		<args>
		@! Hey! Get lost kid, this is MY HIDING PLACE.
		    @!:#DOTA#uh#again Can't you see English is coming for me???
		    @! HE IS COMING FOR US ALL.
		</args>
		<action command='removeSprite'>
			<args>obj21,secondRoom</args>
			<action command='addSprite'>
				<args>secondRoomChest11,secondRoom</args>
			</action>
		</action>
	</action>
</sprite>
<sprite depthing='2' name='obj22'>
<animation x='-50' y='-50' sheet='obj22'/>
</sprite>

<rooms>
   <room name='secondRoom' width='4622' height='3966' walkableMap='secondRoomMap'>
  	<paths>
  		<motionpath path="secondRoomStairs1" xtox = '0.7' xtoy = '-0.7' ytox='0' ytoy = '1' dx='0' dy='0'/>
  	</paths>
  	<triggers>
  		<trigger>spriteProperty,char,x&lt;780
  			<trigger>spriteProperty,char,y&lt;1500
	  			<action command='deltaSprite'>
	  				<args>char,12,0</args>
	  				<action command='changeRoomRemote'>firstRoom.xml,firstRoom,4630,3057</action>
	  			</action>
  			</trigger>
  		</trigger>
  			<trigger>spriteProperty,char,y>3420
	  			<action command='deltaSprite'>
	  				<args>char,0,-12</args>
	  				<action command='changeRoomRemote'>thirdRoom.xml,thirdRoom,1155,192</action>
	  			</action>
  			</trigger>
  	</triggers>
  	
  	<sprite class='redBubble' name='redBubble1' x='1388' y='2200'> </sprite>
  	<sprite class='redBubble' name='redBubble2' x='1164' y='2772'> </sprite>
  	<sprite class='redBubble' name='redBubble3' x='1356' y='3048'> </sprite>
  	<sprite class='redBubble' name='redBubble4' x='1564' y='2672'> </sprite>
  	<sprite class='redBubble' name='redBubble5' x='4364' y='836'> </sprite>
    
    <character name='aranea' x='2636' y='1576' sx='-50' sy='-110' sWidth='100' sHeight='130' width='48' height='21' 
	       sheet='araneaSheet' state='walkFront' facing='Front'>
      <action class='araneaDialog1'></action>
      <action class='araneaDialog2'></action>
    </character>
    <character name='dave' x='1632' y='2632' sx='-50' sy='-110' sWidth='100' sHeight='130' width='48' height='21' 
	       sheet='davesheet' state='walkFront' facing='Front'>
      <action class='daveDialog1'></action>
      <action class='daveDialog2'></action>
      <action class='daveDialog3'></action>
    </character>
    <character name='rose' x='3868' y='1340' sx='-50' sy='-110' sWidth='100' sHeight='130' width='48' height='21' 
	       sheet='rosesheet' state='walkFront' facing='Front'>
      <action class='roseDialog1'></action>
      <action class='roseDialog2'></action>
    </character>
    <character name='kanaya' x='4254' y='1678' sx='-50' sy='-110' sWidth='100' sHeight='130' width='48' height='21' 
	       sheet='kanayasheet' state='walkLeft' facing='Left'>
      <action class='kanayaDialog1'></action>
      <action class='kanayaDialog2'></action>
    </character>
    
    <sprite class='chest6' name='secondRoomChest1' x='1732' y='660'>
    	<action command='openChest' name='open'>
    		<args>secondRoomChest1,obj11,@! You got a JUJU!
      @!:#you'll-just-hock-it-to-some-chump An EFFIGY, to be precise. It has magical properties binding it to the mortality of someone, depending on what hat it wears. Hey, maybe you'll hang it from this tree? Nah, that's a bit morbid.</args>
    	</action>
    </sprite>
    <sprite class='chest6' name='secondRoomChest2' x='4244' y='640'>
    	<action command='openChest' name='open'>
    		<args>secondRoomChest2,obj12,@! You got the THORNS OF OGLOGOTH! 
      @!:#a-wise-move Any sane adventurer would cast these instruments of the occult into the furthest ring and forget they ever existed. And... it looks like someone did just that?</args>
    	</action>
    </sprite>
    <sprite class='chest6' name='secondRoomChest3' x='392' y='2020'>
    	<action command='openChest' name='open'>
    		<args>secondRoomChest3,obj13,@! You got a bunch of THROWING STARS!
      @!:#unless-someone-blows-you-away-with-an-offer-of-course Whoa these are badass. Maybe you'll keep a few instead of selling them all.</args>
    	</action>
    </sprite>
    <sprite class='chest6' name='secondRoomChest4' x='1564' y='2292'>
    	<action command='openChest' name='open'>
    		<args>secondRoomChest4,obj20,@! You got a pair of TIME TABLES! 
      @!:#ooh,-like-that-kid-across-the-water-there!#you-bet-he's-loaded Use these to travel through time. Which in the furthest ring, doesn't always mean much. Traveling back in time could also transport you millions of lightsweeps away. Probably better to just sell them to an eccentric billionaire.</args>
    	</action>
    </sprite>
    <sprite class='chest6' name='secondRoomChest5' x='2244' y='1780'>
    	<action command='openChest' name='open'>
    		<args>secondRoomChest5,obj15,@! You got an ECHIDNA STATUE! 
      @!:#oh,-also-you-can-probably-make-BANK-off-this-thing An obviously not-to-scale depiction of the denizen Aranea consulted with to learn how to scratch your session. The decision to scratch of course came with MAJOR CONSEQUENCES, and you guess it's only now that the true extent of those consequences are fully apparent. Looks like it's time to clean up her mess.</args>
    	</action>
    </sprite>
    <sprite class='chest6' name='secondRoomChest6' x='4428' y='1836'>
    	<action command='openChest' name='open'>
    		<args>secondRoomChest6,obj16,@! You got a SEWING MACHINE!
      @!:#you'll-come-back-and-swipe-it-later-when-she's-not-around Oooooh this looks REALLY expensive, you bet you could... wait. What's she looking at? The Maryam girl is looking at you funny. What, is this thing hers? You don't want to start any trouble over this dumb gizmo. You slowly put it back in the chest, very casually like it ain't no thing.</args>
    	</action>
    </sprite>
    <sprite class='chest4' name='secondRoomChest7' x='4548' y='2872'>
    	<action command='openChest' name='open'>
    		<args>secondRoomChest7,obj17,@! You got a FUCHSIA POTION!
      @!:#you-chuck-it-over-the-edge#glass-shatters#someone-below-says-'ow' Legend says this enchanted potion is supposed to - oh GOD it's more troll blood. Wait this is ROYAL blood. What an absolute outrage that probably some commoner had the audacity to draw royal blood. You are ALMOST mad enough not to not give a shit.
</args>
    	</action>
    </sprite>
    <sprite class='chest4' name='secondRoomChest8' x='3644' y='2896'>
    	<action command='openChest' name='open'>
    		<args>secondRoomChest8,obj18,@! You got a JUJU!
      @!:#at-exactly-one-second-per-second What's up with all these jujus lying around? Jujus are very wide ranging sorts of magical objects. You never know what form they'll take. This one is particularly useless though. It has the power to travel through time. Into the future only, though.
</args>
    	</action>
    </sprite>
    <sprite class='chest4' name='secondRoomChest9' x='3216' y='2304'>
    	<action command='openChest' name='open'>
    		<args>secondRoomChest9,obj19, @! You got a DERSITE TABLOID!
      @!:#some-of-which-were-yours Says some human girl is dead. You don't recognize her. Inside is the usual kind of sensationalizing sleaze you're used to seeing from these. You spent a long time on Derse during your game. You always enjoyed reading these. They were almost always about assassinations.
</args>
    	</action>
    </sprite>
    <sprite class='chest4' name='secondRoomChest10' x='1024' y='2896'>
    	<action command='openChest' name='open'>
    		<args>secondRoomChest10,obj14,  @! You got a RIBBITAR!
      @!:#aw-shit-is-that-made-of-ruby???#COME-TO-MAMA Foes everywhere tremble at the mere sight of this lethal amphibious scourge. So overwhelming is their terror that... ha ha, yeah right. This sword is almost too ridiculous for words. It's a nice conversation piece though.
</args>
    	</action>
    </sprite>
    <sprite class='chest4' name='secondRoomChest11' x='900' y='3000'>
    	<action command='removeSprite' name='open'>
				<args>secondRoomChest11,secondRoom</args>
				<action command='addSprite'>
					<args>obj21,secondRoom</args>
				</action>
			</action>
    </sprite>
    <sprite class='chest4' name='secondRoomChest12' x='4028' y='1324'>
    	<action command='openChest' name='open'>
    		<args>secondRoomChest12,obj22,@! You got a copy of COMPLACENCY OF THE LEARNED!
      @!:#probably-wasn't-worth-jack-anyway Wow this looks really... huh? It just disappeared from your hand in a crazy blur. What the... oh, that human girl has it. She looks like she's enjoying it a lot more than you ever would. You'll let her have this one.</args>
    	</action>
    </sprite>
    
    <sprite name='secondRoomBG_0_0' x='0' y='0'><animation sheet='secondRoomBG_0_0' /></sprite>
<sprite name='secondRoomBG_0_1' x='1000' y='0'><animation sheet='secondRoomBG_0_1' /></sprite>
<sprite name='secondRoomBG_0_2' x='2000' y='0'><animation sheet='secondRoomBG_0_2' /></sprite>
<sprite name='secondRoomBG_0_3' x='3000' y='0'><animation sheet='secondRoomBG_0_3' /></sprite>
<sprite name='secondRoomBG_0_4' x='4000' y='0'><animation sheet='secondRoomBG_0_4' /></sprite>
<sprite name='secondRoomBG_1_0' x='0' y='1000'><animation sheet='secondRoomBG_1_0' /></sprite>
<sprite name='secondRoomBG_1_1' x='1000' y='1000'><animation sheet='secondRoomBG_1_1' /></sprite>
<sprite name='secondRoomBG_1_2' x='2000' y='1000'><animation sheet='secondRoomBG_1_2' /></sprite>
<sprite name='secondRoomBG_1_3' x='3000' y='1000'><animation sheet='secondRoomBG_1_3' /></sprite>
<sprite name='secondRoomBG_1_4' x='4000' y='1000'><animation sheet='secondRoomBG_1_4' /></sprite>
<sprite name='secondRoomBG_2_0' x='0' y='2000'><animation sheet='secondRoomBG_2_0' /></sprite>
<sprite name='secondRoomBG_2_1' x='1000' y='2000'><animation sheet='secondRoomBG_2_1' /></sprite>
<sprite name='secondRoomBG_2_2' x='2000' y='2000'><animation sheet='secondRoomBG_2_2' /></sprite>
<sprite name='secondRoomBG_2_3' x='3000' y='2000'><animation sheet='secondRoomBG_2_3' /></sprite>
<sprite name='secondRoomBG_2_4' x='4000' y='2000'><animation sheet='secondRoomBG_2_4' /></sprite>
<sprite name='secondRoomBG_3_0' x='0' y='3000'><animation sheet='secondRoomBG_3_0' /></sprite>
<sprite name='secondRoomBG_3_1' x='1000' y='3000'><animation sheet='secondRoomBG_3_1' /></sprite>
<sprite name='secondRoomBG_3_2' x='2000' y='3000'><animation sheet='secondRoomBG_3_2' /></sprite>
<sprite name='secondRoomBG_3_3' x='3000' y='3000'><animation sheet='secondRoomBG_3_3' /></sprite>
<sprite name='secondRoomBG_3_4' x='4000' y='3000'><animation sheet='secondRoomBG_3_4' /></sprite>

<sprite name='secondRoomFG_0_0' x='0' y='0' depthing='2'><animation sheet='secondRoomFG_0_0' /></sprite>
<sprite name='secondRoomFG_0_1' x='1000' y='0' depthing='2'><animation sheet='secondRoomFG_0_1' /></sprite>
<sprite name='secondRoomFG_0_2' x='2000' y='0' depthing='2'><animation sheet='secondRoomFG_0_2' /></sprite>

<sprite name='secondRoomFG_1_0' x='0' y='1000' depthing='2'><animation sheet='secondRoomFG_1_0' /></sprite>
<sprite name='secondRoomFG_1_1' x='1000' y='1000' depthing='2'><animation sheet='secondRoomFG_1_1' /></sprite>
<sprite name='secondRoomFG_1_2' x='2000' y='1000' depthing='2'><animation sheet='secondRoomFG_1_2' /></sprite>

<sprite name='secondRoomFG_2_0' x='0' y='2000' depthing='2'><animation sheet='secondRoomFG_2_0' /></sprite>
<sprite name='secondRoomFG_2_1' x='1000' y='2000' depthing='2'><animation sheet='secondRoomFG_2_1' /></sprite>
<sprite name='secondRoomFG_2_2' x='2000' y='2000' depthing='2'><animation sheet='secondRoomFG_2_2' /></sprite>

<sprite name='secondRoomFG_3_0' x='0' y='3000' depthing='2'><animation sheet='secondRoomFG_3_0' /></sprite>
<sprite name='secondRoomFG_3_1' x='1000' y='3000' depthing='2'><animation sheet='secondRoomFG_3_1' /></sprite>

  </room>
  
 
</rooms>
</sburb>
