<sburb description='secrets'>

<assets>
  <asset name='andrewsheet' type='graphic'>walkabout/chars/a_h.gif</asset>
</assets>  	

<rooms>
  <room name='secretRoom' width='861' height='909' walkableMap='compLabWalkableMap'>
  	
  	<character name='andrew' x='300' y='300' sx='-50' sy='-110' sWidth='100' sHeight='130' width='48' height='21' 
		   sheet='andrewsheet' state='walkFront' facing='Front'>
	  <action name='swap' command='changeChar'>andrew</action>
	</character>

    <sprite name='compLabBG'>
      <animation sheet='compLabBG'/>
    </sprite>
  
  </room>
</rooms>
</sburb>
